attr,title,url,price,sd_year,bias,sd_url,sd_price,check,sd
车位-建筑面积30.29㎡-套内面积11.79㎡-毛坯-低楼层(共1层)-2010年建成,盈彩美地一期车位业主诚心出售,/esf/detail/9994590,1981,2010,8185.0,/xq/detail/6217,10166,车位,盈彩美地
车位-建筑面积28.39㎡-套内面积11.13㎡-毛坯-低楼层(共1层)-2010年建成,盈彩美地三期车位诚心出售,/esf/detail/9864492,2113,2010,8053.0,/xq/detail/6217,10166,车位,盈彩美地
车位-建筑面积16㎡-套内面积14㎡-毛坯-低楼层(共1层)-2010年建成,盈彩美地一期车库诚意卖了。,/esf/detail/2872792,3438,2010,6728.0,/xq/detail/6217,10166,车位,盈彩美地
1室1厅1卫-朝南-建筑面积36㎡-精装-高楼层(共6层)-2011年建成,业主诚心出售1室1厅1卫1厨1阳,/esf/detail/2503558,5833,2011,3202.0,/xq/detail/6488,9035,小户/高楼层,逸朗轩
3室2厅2卫-朝东南-建筑面积130.1㎡-精装-高楼层(共6层),南朗三房出售,/esf/detail/9181546,6457,1996,0.0,/xq/detail/11532,6457,高楼层/价格高/老小区,教育路
1室1厅1卫-朝南-建筑面积43.6㎡-精装-中楼层(共6层)-2011年建成,逸朗轩单身公寓出售,/esf/detail/4864058,6651,2011,2384.0,/xq/detail/6488,9035,小户,逸朗轩
1室1厅1卫-朝南-建筑面积43.59㎡-精装-中楼层(共6层)-2011年建成,南朗周边公寓，二人温馨小窝，诚心出售。,/esf/detail/4864042,6653,2011,2382.0,/xq/detail/6488,9035,小户,逸朗轩
1室1厅1卫-朝南-建筑面积43.59㎡-精装-中楼层(共6层)-2011年建成,南朗逸朗轩单身公寓出售,/esf/detail/4864048,6653,2011,2382.0,/xq/detail/6488,9035,小户,逸朗轩
1室1厅1卫-朝南-建筑面积43.59㎡-精装-中楼层(共6层)-2011年建成,南朗二人温馨小窝，诚心出售。,/esf/detail/4864047,6653,2011,2382.0,/xq/detail/6488,9035,小户,逸朗轩
1室1厅1卫-朝南-建筑面积43.59㎡-精装-高楼层(共6层)-2011年建成,逸朗轩单身公寓出售,/esf/detail/4864064,6653,2011,2382.0,/xq/detail/6488,9035,小户/高楼层,逸朗轩
1室1厅1卫-朝南-建筑面积43.59㎡-精装-中楼层(共6层)-2011年建成,带装修公寓诚心卖,/esf/detail/4864041,6653,2011,2382.0,/xq/detail/6488,9035,小户,逸朗轩
1室1厅1卫-朝南-建筑面积46.25㎡-普装-中楼层(共6层)-2011年建成,单身公寓出售,/esf/detail/4864050,6703,2011,2332.0,/xq/detail/6488,9035,小户,逸朗轩
1室1厅1卫-朝南-建筑面积46.25㎡-精装-低楼层(共6层)-2011年建成,南朗周边单身公寓，二人温馨小窝。,/esf/detail/4864014,6703,2011,2332.0,/xq/detail/6488,9035,小户,逸朗轩
4室2厅2卫-朝北-建筑面积149㎡-精装-高楼层(共6层)-2005年建成,在水一方朝北精装大四房149方,/esf/detail/482833,6711,2005,1952.0,/xq/detail/6422,8663,高楼层,在水一方
2室2厅1卫-朝西-建筑面积79.26㎡-普装-高楼层(共7层),南朗名远商住楼周边配套齐全交通便利只交契税,/esf/detail/9485174,6939,暂无数据,6315.0,/xq/detail/11492,13254,小户/高楼层,南岐中路
3室2厅2卫-朝东-建筑面积138.6㎡-精装-高楼层(共7层),业主诚心出售,/esf/detail/4910090,7215,暂无数据,6039.0,/xq/detail/11492,13254,高楼层,南岐中路
2室2厅2卫-朝东-建筑面积90.52㎡-普装-高楼层(共6层)-2005年建成,业主诚心出售带独立平台两房,/esf/detail/247484,7380,2005,56.0,/xq/detail/6425,7436,小户/高楼层,龙宝豪庭
3室2厅2卫-朝南北-建筑面积133.55㎡-普装-高楼层(共6层),锦盛花园三房两厅133平方！业主诚心出售！,/esf/detail/9864541,7488,2003,0.0,/xq/detail/8002,7488,高楼层/价格高/老小区,锦盛花园
2室1厅1卫-朝南-建筑面积80㎡-普装-高楼层(共6层)-2005年建成,业主诚心出售龙宝豪庭房源！,/esf/detail/6022368,7500,2005,-64.0,/xq/detail/6425,7436,小户/高楼层/价格高,龙宝豪庭
1室0厅0卫-朝南-建筑面积12㎡-毛坯-低楼层(共1层)-2010年建成,盈彩美地朝南车位,/esf/detail/3604807,7500,2010,2666.0,/xq/detail/6217,10166,小户,盈彩美地
1室1厅1卫-朝东南-建筑面积46.25㎡-普装-高楼层(共6层)-2011年建成,业主诚心出售,/esf/detail/301587,7568,2011,1467.0,/xq/detail/6488,9035,小户/高楼层,逸朗轩
3室2厅2卫-朝北-建筑面积145㎡-精装-低楼层(共6层)-2005年建成,业主诚心出售，价格实惠，方便看房。,/esf/detail/1443430,7931,2005,762.0,/xq/detail/8382,8693,,锦盛新城
3室2厅3卫-朝南-建筑面积149.65㎡-毛坯-高楼层(共6层)-2005年建成,在水一方朝南光线超好,/esf/detail/481295,8019,2005,644.0,/xq/detail/6422,8663,高楼层,在水一方
4室2厅1卫-朝西-建筑面积172㎡-毛坯-高楼层(共9层)-2010年建成,业主诚信出售,/esf/detail/159634,8140,2010,2026.0,/xq/detail/6217,10166,高楼层,盈彩美地
4室2厅2卫-朝南北-建筑面积133.8㎡-毛坯-中楼层(共11层),业主诚心出售,/esf/detail/7106796,8221,2005,5115.0,/xq/detail/45395,13336,,翠怡花园
3室2厅1卫-朝北-建筑面积98㎡-毛坯-中楼层(共11层)-2010年建成,南朗就有潜力，这是南朗比较有潜力的小区，周边配套好，户型多，,/esf/detail/288951,8367,2010,1799.0,/xq/detail/6217,10166,,盈彩美地
2室2厅1卫-朝北-建筑面积80.98㎡-精装-高楼层(共6层)-2005年建成,在水一方实惠房源出售,/esf/detail/498384,8397,2005,266.0,/xq/detail/6422,8663,小户/高楼层,在水一方
1室0厅1卫-朝北-建筑面积33㎡-精装-高楼层(共6层)-2011年建成,逸朗轩单身公寓，你值得拥有。,/esf/detail/2841412,8485,2011,550.0,/xq/detail/6488,9035,小户/高楼层,逸朗轩
1室0厅1卫-朝北-建筑面积33㎡-精装-高楼层(共6层)-2011年建成,南朗镇单身公寓电梯房精装直接拎包入住！,/esf/detail/2841414,8485,2011,550.0,/xq/detail/6488,9035,小户/高楼层,逸朗轩
1室0厅1卫-朝北-建筑面积33㎡-普装-高楼层(共6层)-2011年建成,业主诚心出售,/esf/detail/2841411,8485,2011,550.0,/xq/detail/6488,9035,小户/高楼层,逸朗轩
1室0厅1卫-朝北-建筑面积33㎡-精装-高楼层(共6层)-2011年建成,业主诚心出售。,/esf/detail/2841413,8485,2011,550.0,/xq/detail/6488,9035,小户/高楼层,逸朗轩
3室2厅2卫-朝东-建筑面积94㎡-毛坯-低楼层(共6层)-2005年建成,锦盛新城实惠房源出售,/esf/detail/1443007,8511,2005,182.0,/xq/detail/8382,8693,,锦盛新城
4室2厅4卫-朝南-建筑面积387.65㎡-毛坯-高楼层(共11层)-2010年建成,盈彩美地业主诚心出售,/esf/detail/288357,8513,2010,1653.0,/xq/detail/6217,10166,高楼层,盈彩美地
2室1厅1卫-朝北-建筑面积50.49㎡-精装-中楼层(共5层),南朗镇带装修房源出售,/esf/detail/9663094,8517,2013,-2548.0,/xq/detail/11513,5969,小户/价格高,永兴新村
2室2厅1卫-朝西-建筑面积87.53㎡-精装-中楼层(共6层)-2005年建成,锦盛新城朝东二房诚心出售,/esf/detail/1442834,8568,2005,125.0,/xq/detail/8382,8693,小户,锦盛新城
3室2厅2卫-朝西北-建筑面积105㎡-精装-中楼层(共6层)-2005年建成,在水一方业主诚心出售房子！,/esf/detail/484616,8571,2005,92.0,/xq/detail/6422,8663,,在水一方
3室2厅2卫-朝北-建筑面积110㎡-毛坯-低楼层(共11层)-2010年建成,盈彩美地三房出售,/esf/detail/288233,8636,2010,1530.0,/xq/detail/6217,10166,,盈彩美地
3室2厅2卫-朝北-建筑面积102㎡-毛坯-中楼层(共11层)-2008年建成,盛东豪庭的业主诚心出售。,/esf/detail/1445372,8686,2008,2010.0,/xq/detail/6424,10696,,盛东豪庭
3室2厅1卫-朝北-建筑面积87㎡-毛坯-高楼层(共11层)-2010年建成,盈彩美地毛坯三房业主诚心出售,/esf/detail/158348,8736,2010,1430.0,/xq/detail/6217,10166,高楼层,盈彩美地
4室2厅4卫-朝东-建筑面积137.15㎡-毛坯-高楼层(共7层)-2014年建成,毛坯四房出售,/esf/detail/9821582,8750,2014,883.0,/xq/detail/37198,9633,高楼层,和顺苑
2室2厅1卫-朝北-建筑面积75.31㎡-毛坯-低楼层(共6层)-2010年建成,盈彩美地一期毛坯实用两房出售,/esf/detail/286789,8764,2010,1402.0,/xq/detail/6217,10166,小户,盈彩美地
3室2厅1卫-朝东-建筑面积88.88㎡-毛坯-低楼层(共11层)-2010年建成,实用三房，格局方正，业主诚意出售,/esf/detail/288766,8776,2010,1390.0,/xq/detail/6217,10166,,盈彩美地
3室2厅1卫-朝东南-建筑面积68.29㎡-精装-高楼层(共5层),业主诚心出售，看房随时都方便,/esf/detail/9614357,8786,2013,-2817.0,/xq/detail/11513,5969,高楼层/价格高,永兴新村
2室2厅2卫-朝北-建筑面积110.87㎡-毛坯-中楼层(共8层),业主诚心出售,/esf/detail/9085403,8839,暂无数据,-684.0,/xq/detail/43976,8155,小户/价格高,岭南路12号
4室2厅2卫-朝西-建筑面积197.27㎡-精装-高楼层(共11层)-2010年建成,盈彩美地复试带装修房,/esf/detail/204693,8871,2010,1295.0,/xq/detail/6217,10166,高楼层,盈彩美地
3室2厅2卫-朝南北-建筑面积126.08㎡-精装-中楼层(共6层)-2003年建成,精装三房，业主诚心出售,/esf/detail/335469,8883,2003,2275.0,/xq/detail/6428,11158,老小区,富景花园
3室2厅1卫-朝南-建筑面积87.44㎡-普装-低楼层(共9层)-2010年建成,盈彩美地实用三房业主诚意出售！,/esf/detail/288474,8920,2010,1246.0,/xq/detail/6217,10166,,盈彩美地
3室2厅1卫-朝北-建筑面积87㎡-毛坯-高楼层(共11层)-2010年建成,业主诚心出售,/esf/detail/158403,8966,2010,1200.0,/xq/detail/6217,10166,高楼层,盈彩美地
3室2厅1卫-朝东-建筑面积89㎡-毛坯-低楼层(共11层)-2010年建成,实用毛坯三房，格局方正，业主诚意出售,/esf/detail/288676,8989,2010,1177.0,/xq/detail/6217,10166,,盈彩美地
3室2厅1卫-朝东-建筑面积89㎡-精装-低楼层(共9层)-2010年建成,业主诚心出售，3房80万带装修送家电，拎包入住,/esf/detail/159500,8989,2010,1177.0,/xq/detail/6217,10166,,盈彩美地
3室2厅1卫-朝西-建筑面积92㎡-精装-中楼层(共9层)-2010年建成,盈彩美地二期精装三房诚心出售,/esf/detail/159478,9022,2010,1144.0,/xq/detail/6217,10166,,盈彩美地
3室2厅3卫-朝西-建筑面积127.3㎡-精装-高楼层(共6层)-2005年建成,锦盛新城复式三房安静宜居,/esf/detail/1441989,9034,2005,-341.0,/xq/detail/8382,8693,高楼层/价格高,锦盛新城
3室2厅1卫-朝北-建筑面积96㎡-毛坯-中楼层(共11层)-2010年建成,盈彩美地毛坯三房中间楼层,/esf/detail/158205,9062,2010,1104.0,/xq/detail/6217,10166,,盈彩美地
商铺-朝南-建筑面积152.12㎡-普装-低楼层(共2层),南朗市场旺铺！！,/esf/detail/9743577,9072,暂无数据,8.0,/xq/detail/35642,9080,,南朗市场
2室2厅1卫-朝西南-建筑面积67㎡-毛坯-中楼层(共6层)-2005年建成,锦盛新城毛坯房出售,/esf/detail/1443013,9104,2005,-411.0,/xq/detail/8382,8693,小户/价格高,锦盛新城
4室2厅2卫-朝西南-建筑面积164㎡-毛坯-高楼层(共11层)-2010年建成,盈彩美地三期实用电梯房源毛坯出售,/esf/detail/157849,9146,2010,1020.0,/xq/detail/6217,10166,高楼层,盈彩美地
2室2厅1卫-朝西北-建筑面积76.5㎡-毛坯-低楼层(共11层)-2010年建成,盈彩美地四期实用房源出售,/esf/detail/288808,9150,2010,1016.0,/xq/detail/6217,10166,小户,盈彩美地
2室2厅1卫-朝南-建筑面积71㎡-毛坯-低楼层(共11层)-2010年建成,盈彩美地毛坯两房出售,/esf/detail/288578,9155,2010,1011.0,/xq/detail/6217,10166,小户,盈彩美地
2室2厅1卫-朝北-建筑面积76.26㎡-精装-中楼层(共6层)-2005年建成,在水一方实惠房源出售,/esf/detail/484285,9179,2005,-516.0,/xq/detail/6422,8663,小户/价格高,在水一方
5室3厅6卫-朝北-建筑面积248.52㎡-毛坯-高楼层(共11层)-2010年建成,东海岸毛坯大复式业主诚心出售,/esf/detail/6122114,9255,2010,1901.0,/xq/detail/6430,11156,高楼层,东海岸花园
3室2厅1卫-朝北-建筑面积90㎡-毛坯-中楼层(共11层)-2010年建成,盈彩美地毛坯三房,/esf/detail/288146,9333,2010,833.0,/xq/detail/6217,10166,,盈彩美地
3室2厅2卫-朝西北-建筑面积107㎡-毛坯-中楼层(共11层)-2010年建成,盈彩美地毛坯三房出售,/esf/detail/287646,9346,2010,820.0,/xq/detail/6217,10166,,盈彩美地
3室2厅2卫-朝南-建筑面积107㎡-毛坯-高楼层(共11层)-2010年建成,盈彩美地朝正南三房诚意出售,/esf/detail/288970,9346,2010,820.0,/xq/detail/6217,10166,高楼层,盈彩美地
3室2厅1卫-朝北-建筑面积96㎡-毛坯-中楼层(共11层)-2010年建成,盈彩美地三房出售,/esf/detail/159856,9375,2010,791.0,/xq/detail/6217,10166,,盈彩美地
3室2厅2卫-朝西北-建筑面积107㎡-精装-高楼层(共11层)-2010年建成,业主诚意出售,/esf/detail/298330,9439,2010,727.0,/xq/detail/6217,10166,高楼层,盈彩美地
3室2厅1卫-朝西-建筑面积92㎡-精装-中楼层(共9层)-2010年建成,盈彩美地精装三房出售,/esf/detail/159513,9457,2010,709.0,/xq/detail/6217,10166,,盈彩美地
2室2厅1卫-朝东南-建筑面积93㎡-精装-低楼层(共11层)-2010年建成,业主诚信出售,/esf/detail/289748,9462,2010,704.0,/xq/detail/6217,10166,小户,盈彩美地
3室2厅1卫-朝北-建筑面积95㎡-精装-低楼层(共11层)-2010年建成,盈彩美地实用房源出售,/esf/detail/156469,9474,2010,692.0,/xq/detail/6217,10166,,盈彩美地
3室2厅1卫-朝北-建筑面积95㎡-精装-高楼层(共11层)-2010年建成,视野非常不错，看山景的带装修三房,/esf/detail/156728,9474,2010,692.0,/xq/detail/6217,10166,高楼层,盈彩美地
3室2厅1卫-朝南-建筑面积87㎡-精装-低楼层(共9层)-2010年建成,盈彩美地精装三房，业主诚心出售,/esf/detail/288477,9540,2010,626.0,/xq/detail/6217,10166,,盈彩美地
3室2厅2卫-朝北-建筑面积110㎡-精装-中楼层(共11层)-2010年建成,精装三房出售，采光好视野开阔,/esf/detail/288328,9545,2010,621.0,/xq/detail/6217,10166,,盈彩美地
3室1厅1卫-朝南-建筑面积45㎡-普装-中楼层(共5层),业主诚心出售两房改三房,/esf/detail/10009426,9556,2013,-3587.0,/xq/detail/11513,5969,价格高,永兴新村
3室2厅1卫-朝西-建筑面积92㎡-精装-高楼层(共9层)-2010年建成,盈彩美地精装三房出售,/esf/detail/159449,9565,2010,601.0,/xq/detail/6217,10166,高楼层,盈彩美地
3室2厅1卫-朝西-建筑面积92㎡-精装-中楼层(共9层)-2010年建成,南朗就有潜力，这是南朗比较有潜力的小区，周边配套好，户型多，,/esf/detail/159585,9565,2010,601.0,/xq/detail/6217,10166,,盈彩美地
3室2厅2卫-朝南北-建筑面积114.95㎡-普装-高楼层(共6层)-2003年建成,业主诚心出售3室2厅2卫1厨2阳,/esf/detail/335511,9569,2003,1589.0,/xq/detail/6428,11158,高楼层/老小区,富景花园
3室2厅1卫-朝东-建筑面积89㎡-毛坯-中楼层(共11层)-2010年建成,盈彩美地小三房出售,/esf/detail/288736,9663,2010,503.0,/xq/detail/6217,10166,,盈彩美地
3室2厅1卫-朝东南-建筑面积98㎡-毛坯-高楼层(共11层)-2010年建成,单边位，业主诚心出售,/esf/detail/298328,9694,2010,472.0,/xq/detail/6217,10166,高楼层,盈彩美地
2室2厅1卫-朝西-建筑面积66.99㎡-普装-低楼层(共6层)-2005年建成,业主诚心出售,/esf/detail/1443006,9703,2005,-1010.0,/xq/detail/8382,8693,小户/价格高,锦盛新城
3室2厅2卫-朝东南-建筑面积123㎡-精装-中楼层(共6层)-2007年建成,云衢花园精装三房出售,/esf/detail/359020,9756,2007,-1081.0,/xq/detail/6431,8675,价格高,云衢花园
2室2厅1卫-朝南北-建筑面积84㎡-精装-中楼层(共6层)-2010年建成,家庭温馨二房。,/esf/detail/2728574,9762,2010,404.0,/xq/detail/6217,10166,小户,盈彩美地
3室2厅2卫-朝南-建筑面积110.37㎡-毛坯-中楼层(共11层)-2010年建成,3房刚需出售,/esf/detail/160120,9785,2010,381.0,/xq/detail/6217,10166,,盈彩美地
3室2厅2卫-朝南-建筑面积107㎡-毛坯-中楼层(共11层)-2010年建成,南朗盈彩4期房毛坯采光通透.房屋很透风,/esf/detail/288949,9813,2010,353.0,/xq/detail/6217,10166,,盈彩美地
5室2厅4卫-朝西-建筑面积233.45㎡-毛坯-低楼层(共1层)-2013年建成,锦绣海湾城带大平台别墅,/esf/detail/8199158,9852,2010,7023.0,/xq/detail/47825,16875,,锦绣海湾城2期
3室2厅1卫-朝北-建筑面积96㎡-毛坯-低楼层(共11层)-2010年建成,盈彩美地毛坯三房出售，带花园。,/esf/detail/159931,9896,2010,270.0,/xq/detail/6217,10166,,盈彩美地
3室2厅1卫-朝北-建筑面积95.95㎡-毛坯-高楼层(共11层)-2010年建成,盈彩美地毛坯房出售,/esf/detail/159927,9901,2010,265.0,/xq/detail/6217,10166,高楼层,盈彩美地
3室2厅2卫-朝北-建筑面积101㎡-精装-低楼层(共11层)-2010年建成,盈彩美地电梯房源带装修出售,/esf/detail/159851,9901,2010,265.0,/xq/detail/6217,10166,,盈彩美地
2室2厅1卫-朝南-建筑面积75.43㎡-精装-中楼层(共6层)-2010年建成,精装三房出售,/esf/detail/287851,9943,2010,223.0,/xq/detail/6217,10166,小户,盈彩美地
3室2厅1卫-朝北-建筑面积95.51㎡-毛坯-高楼层(共11层)-2010年建成,盈彩美地业主诚心出售交通方便,/esf/detail/159795,9947,2010,219.0,/xq/detail/6217,10166,高楼层,盈彩美地
3室2厅2卫-朝南-建筑面积107㎡-毛坯-中楼层(共11层)-2010年建成,盈彩美地朝南毛坯三房,/esf/detail/288961,10000,2010,166.0,/xq/detail/6217,10166,,盈彩美地
3室2厅1卫-朝北-建筑面积90㎡-普装-低楼层(共9层)-2010年建成,盈彩美地房源业主诚心出售,/esf/detail/288367,10000,2010,166.0,/xq/detail/6217,10166,,盈彩美地
3室2厅2卫-朝西北-建筑面积107㎡-毛坯-中楼层(共11层)-2010年建成,盈彩美地四期电梯毛坯房源出售,/esf/detail/287634,10000,2010,166.0,/xq/detail/6217,10166,,盈彩美地
3室2厅2卫-朝北-建筑面积90㎡-豪装-低楼层(共6层)-2010年建成,精致装修户型方正实用价格实惠诚心出售,/esf/detail/287434,10000,2010,166.0,/xq/detail/6217,10166,,盈彩美地
3室2厅1卫-朝北-建筑面积90㎡-豪装-高楼层(共11层)-2010年建成,盈彩美地豪华装修，单保养很好！边位,/esf/detail/288301,10000,2010,166.0,/xq/detail/6217,10166,高楼层,盈彩美地
3室2厅1卫-朝北-建筑面积90㎡-毛坯-高楼层(共9层)-2010年建成,盈彩美地毛坯三房出售,/esf/detail/286493,10000,2010,166.0,/xq/detail/6217,10166,高楼层,盈彩美地
2室2厅1卫-朝东-建筑面积90㎡-豪装-高楼层(共11层)-2010年建成,盈彩美地精装两房业主诚心出售,/esf/detail/204869,10000,2010,166.0,/xq/detail/6217,10166,小户/高楼层,盈彩美地
3室2厅2卫-朝南-建筑面积110㎡-毛坯-低楼层(共17层)-2012年建成,业主诚心出售，看房随时可以约,/esf/detail/6740657,10000,2012,1435.0,/xq/detail/6487,11435,,顺枫华庭
3室2厅1卫-朝北-建筑面积90㎡-毛坯-高楼层(共11层)-2010年建成,3房2厅出售,/esf/detail/287983,10000,2010,166.0,/xq/detail/6217,10166,高楼层,盈彩美地
3室2厅1卫-朝北-建筑面积90㎡-毛坯-高楼层(共11层)-2010年建成,业主诚信出售,/esf/detail/288620,10000,2010,166.0,/xq/detail/6217,10166,高楼层,盈彩美地
2室2厅1卫-朝南北-建筑面积82㎡-毛坯-低楼层(共6层),翠怡花园2房业主诚心出售,/esf/detail/9525522,10000,2005,3336.0,/xq/detail/45395,13336,小户,翠怡花园
3室2厅1卫-朝东-建筑面积89㎡-精装-中楼层(共9层)-2010年建成,精装三房，业主诚心出售。,/esf/detail/159655,10000,2010,166.0,/xq/detail/6217,10166,,盈彩美地
3室2厅1卫-朝东-建筑面积89㎡-精装-中楼层(共9层)-2010年建成,精装三房，业主诚心出售。,/esf/detail/159655,10000,2010,166.0,/xq/detail/6217,10166,,盈彩美地
2室2厅1卫-朝西-建筑面积82.98㎡-精装-低楼层(共9层)-2010年建成,精装修两房，格局方正，业主诚心出售,/esf/detail/159569,10002,2010,164.0,/xq/detail/6217,10166,小户,盈彩美地
2室2厅1卫-朝东南-建筑面积77.8㎡-精装-低楼层(共11层)-2010年建成,盈彩美地四期实用房源出售,/esf/detail/287739,10026,2010,140.0,/xq/detail/6217,10166,小户,盈彩美地
2室2厅1卫-朝南-建筑面积69.7㎡-精装-高楼层(共6层),南朗两房业主诚心售,/esf/detail/9994476,10043,2013,-5913.0,/xq/detail/11508,4130,小户/高楼层/价格高,南朗村
3室2厅1卫-朝东-建筑面积89㎡-精装-低楼层(共9层)-2010年建成,盈彩美地东向三房出售,/esf/detail/159427,10112,2010,54.0,/xq/detail/6217,10166,,盈彩美地
3室2厅2卫-朝北-建筑面积103.9㎡-普装-低楼层(共11层)-2010年建成,精装3房2厅出售,/esf/detail/156421,10202,2010,-36.0,/xq/detail/6217,10166,价格高,盈彩美地
3室2厅1卫-朝东南-建筑面积98㎡-毛坯-中楼层(共11层)-2010年建成,盈彩美地三房出售,/esf/detail/298315,10204,2010,-38.0,/xq/detail/6217,10166,价格高,盈彩美地
3室2厅1卫-朝北-建筑面积98㎡-豪装-中楼层(共11层)-2010年建成,业主诚心出售,/esf/detail/288998,10204,2010,-38.0,/xq/detail/6217,10166,价格高,盈彩美地
3室2厅1卫-朝北-建筑面积96㎡-普装-中楼层(共11层)-2010年建成,翠亨快线出口小区三房诚意出售,/esf/detail/156874,10208,2010,-42.0,/xq/detail/6217,10166,价格高,盈彩美地
3室2厅1卫-朝北-建筑面积96㎡-普装-低楼层(共11层)-2010年建成,.盈彩美地实用三房业主诚意出售！,/esf/detail/159763,10417,2010,-251.0,/xq/detail/6217,10166,价格高,盈彩美地
3室2厅1卫-朝南-建筑面积96㎡-精装-高楼层(共11层)-2010年建成,业主诚心出售,/esf/detail/288152,10417,2010,-251.0,/xq/detail/6217,10166,高楼层/价格高,盈彩美地
3室2厅1卫-朝西北-建筑面积96㎡-精装-低楼层(共11层)-2010年建成,业主诚意出售带装修房源,/esf/detail/289758,10417,2010,-251.0,/xq/detail/6217,10166,价格高,盈彩美地
3室2厅2卫-朝东南-建筑面积106㎡-精装-低楼层(共11层)-2010年建成,盈彩美地精装大三房朝南向带大阳台。,/esf/detail/289710,10472,2010,-306.0,/xq/detail/6217,10166,价格高,盈彩美地
2室2厅2卫-朝北-建筑面积82.9㎡-精装-高楼层(共11层)-2009年建成,带装修的两房，景观房，业主诚心出售,/esf/detail/351897,10495,2009,1870.0,/xq/detail/6423,12365,小户/高楼层,岭南名居
3室2厅1卫-朝西南-建筑面积90㎡-精装-高楼层(共11层)-2010年建成,盈彩美地精装修三房带租出售,/esf/detail/204906,10556,2010,-390.0,/xq/detail/6217,10166,高楼层/价格高,盈彩美地
2室2厅1卫-朝南-建筑面积85㎡-毛坯-高楼层(共17层)-2012年建成,翠亨新区，顺枫华庭，南向2房，高层电梯，天然气小区，绿化好,/esf/detail/4935134,10588,2012,847.0,/xq/detail/6487,11435,小户/高楼层,顺枫华庭
3室2厅1卫-朝东-建筑面积89㎡-精装-高楼层(共9层)-2010年建成,精装三房带家私家电高层采光好。,/esf/detail/159588,10674,2010,-508.0,/xq/detail/6217,10166,高楼层/价格高,盈彩美地
3室2厅1卫-朝东-建筑面积89㎡-精装-高楼层(共11层)-2010年建成,精装三房诚意出售,/esf/detail/288748,10674,2010,-508.0,/xq/detail/6217,10166,高楼层/价格高,盈彩美地
3室2厅1卫-朝南-建筑面积98㎡-豪装-中楼层(共11层)-2010年建成,盈彩美地豪装3房出售,/esf/detail/288329,10714,2010,-548.0,/xq/detail/6217,10166,价格高,盈彩美地
3室2厅1卫-朝南-建筑面积107.15㎡-普装-高楼层(共11层)-2010年建成,盈彩美地带装修电梯房源出售,/esf/detail/159878,10733,2010,-567.0,/xq/detail/6217,10166,高楼层/价格高,盈彩美地
3室2厅1卫-朝西-建筑面积92㎡-毛坯-中楼层(共11层)-2010年建成,毛坯三房，楼层高，小区绿化好，通风效果好，南朗社区，,/esf/detail/288689,10870,2010,-704.0,/xq/detail/6217,10166,价格高,盈彩美地
3室2厅2卫-朝南-建筑面积105.66㎡-毛坯-高楼层(共17层)-2012年建成,顺枫华庭朝南毛坯房出售,/esf/detail/6510151,10884,2012,551.0,/xq/detail/6487,11435,高楼层,顺枫华庭
3室2厅2卫-朝北-建筑面积90㎡-豪装-中楼层(共6层)-2010年建成,盈彩美地一期带装修房源出售,/esf/detail/286440,10889,2010,-723.0,/xq/detail/6217,10166,价格高,盈彩美地
3室2厅1卫-朝东南-建筑面积88.92㎡-精装-中楼层(共11层)-2010年建成,盈彩美地精装三室业主诚心出售,/esf/detail/204667,10909,2010,-743.0,/xq/detail/6217,10166,价格高,盈彩美地
3室2厅1卫-朝东-建筑面积91.25㎡-精装-低楼层(共9层)-2010年建成,临近小区大门的带装修三房，业主诚意出售,/esf/detail/159492,10959,2010,-793.0,/xq/detail/6217,10166,价格高,盈彩美地
3室2厅2卫-朝北-建筑面积119.25㎡-毛坯-高楼层(共11层)-2008年建成,盛东豪庭毛坯三房业主诚意出售，价格实惠！,/esf/detail/1447240,10985,2008,-289.0,/xq/detail/6424,10696,高楼层/价格高,盛东豪庭
2室2厅1卫-朝南北-建筑面积89㎡-毛坯-低楼层(共6层),翠怡花园毛坯两房出售,/esf/detail/9525521,11011,2005,2325.0,/xq/detail/45395,13336,小户,翠怡花园
3室2厅2卫-朝北-建筑面积113.5㎡-毛坯-高楼层(共35层)-2012年建成,恒富得毛坯大三房业主诚心放卖,/esf/detail/6428019,11013,2012,1126.0,/xq/detail/6483,12139,高楼层,锦盛·恒富得
3室2厅2卫-朝南-建筑面积131.6㎡-毛坯-中楼层(共18层)-2011年建成,东都明珠，空中花园住宅，税少朝南3房，诚心出售,/esf/detail/6826606,11018,2011,866.0,/xq/detail/6429,11884,,东都明珠
2室2厅1卫-朝北-建筑面积78㎡-普装-中楼层(共17层)-2012年建成,顺枫华庭精装2房,/esf/detail/6740602,11026,2012,409.0,/xq/detail/6487,11435,小户,顺枫华庭
3室2厅2卫-朝北-建筑面积119.64㎡-毛坯-高楼层(共11层)-2008年建成,盛东豪庭大三房朝北120方,/esf/detail/1447241,11033,2008,-337.0,/xq/detail/6424,10696,高楼层/价格高,盛东豪庭
2室2厅2卫-朝北-建筑面积95.12㎡-毛坯-中楼层(共18层)-2011年建成,业主急售东都明珠朝北看花园大两房115万,/esf/detail/4515886,11039,2011,845.0,/xq/detail/6429,11884,小户,东都明珠
2室2厅1卫-朝南北-建筑面积90㎡-精装-低楼层(共6层)-2010年建成,盈彩美地实用带装修房源出售,/esf/detail/205106,11111,2010,-945.0,/xq/detail/6217,10166,小户/价格高,盈彩美地
2室2厅1卫-朝东-建筑面积90㎡-精装-低楼层(共11层)-2010年建成,盈彩美地带装修，带花园两房,/esf/detail/204876,11111,2010,-945.0,/xq/detail/6217,10166,小户/价格高,盈彩美地
2室2厅2卫-朝北-建筑面积86㎡-豪装-中楼层(共15层)-2013年建成,南朗汇辉名苑.电梯楼，业主诚意出售！,/esf/detail/9247894,11163,2013,802.0,/xq/detail/6486,11965,小户,汇晖名苑
2室2厅2卫-朝北-建筑面积88.68㎡-毛坯-低楼层(共11层)-2010年建成,东海岸花园实用电梯房源出售,/esf/detail/342173,11164,2010,-8.0,/xq/detail/6430,11156,小户/价格高,东海岸花园
3室2厅2卫-朝南-建筑面积97㎡-精装-中楼层(共17层)-2012年建成,业主诚心出售，精装修南向三房,/esf/detail/6740592,11340,2012,95.0,/xq/detail/6487,11435,,顺枫华庭
3室2厅1卫-朝西-建筑面积92㎡-豪装-低楼层(共11层)-2010年建成,豪装三房改四房，业主诚心出售,/esf/detail/288721,11413,2010,-1247.0,/xq/detail/6217,10166,价格高,盈彩美地
2室2厅1卫-朝东-建筑面积83㎡-毛坯-高楼层(共28层)-2012年建成,朝东两房毛坯,/esf/detail/6427637,11446,2012,693.0,/xq/detail/6483,12139,小户/高楼层,锦盛·恒富得
2室2厅1卫-朝东-建筑面积82.11㎡-毛坯-低楼层(共28层)-2012年建成,毛坯两房出售,/esf/detail/6427663,11570,2012,569.0,/xq/detail/6483,12139,小户,锦盛·恒富得
4室3厅2卫-朝南-建筑面积154.29㎡-普装-低楼层(共3层),业主诚心出售,/esf/detail/9809028,11666,2000,829.0,/xq/detail/37297,12495,老小区,翠亨村
3室2厅2卫-朝北-建筑面积111.18㎡-毛坯-中楼层(共8层)-2009年建成,岭南名居毛坯房出售,/esf/detail/247482,11693,2009,672.0,/xq/detail/6423,12365,,岭南名居
2室2厅2卫-朝北-建筑面积88.67㎡-毛坯-高楼层(共11层)-2010年建成,东海岸花园实用电梯房源出售,/esf/detail/342188,11842,2010,-686.0,/xq/detail/6430,11156,小户/高楼层/价格高,东海岸花园
2室2厅2卫-朝北-建筑面积88.5㎡-精装-中楼层(共11层)-2010年建成,东海岸花园精装修诚意出售,/esf/detail/342178,11864,2010,-708.0,/xq/detail/6430,11156,小户/价格高,东海岸花园
3室2厅1卫-朝北-建筑面积109.48㎡-精装-高楼层(共32层)-2012年建成,锦绣海湾城业主诚心出售,/esf/detail/5966879,11874,2012,1464.0,/xq/detail/47830,13338,高楼层,锦绣海湾城6期
2室2厅1卫-朝东-建筑面积68㎡-毛坯-高楼层(共28层)-2012年建成,毛坯两房出售,/esf/detail/6427879,11912,2012,227.0,/xq/detail/6483,12139,小户/高楼层,锦盛·恒富得
3室2厅2卫-朝南-建筑面积129.4㎡-毛坯-中楼层(共32层)-2012年建成,锦绣海湾城红林园高楼称毛坯房出售,/esf/detail/5968292,11978,2012,1360.0,/xq/detail/47830,13338,,锦绣海湾城6期
3室2厅1卫-朝北-建筑面积85.05㎡-精装-中楼层(共15层)-2013年建成,业主诚心出售，价格合理,/esf/detail/9247890,11993,2013,-28.0,/xq/detail/6486,11965,价格高,汇晖名苑
3室2厅2卫-朝北-建筑面积114㎡-毛坯-中楼层(共35层)-2012年建成,恒富得毛坯三房,/esf/detail/6041558,12000,2012,139.0,/xq/detail/6483,12139,,锦盛·恒富得
3室2厅2卫-朝南北-建筑面积105.64㎡-精装-低楼层(共17层)-2012年建成,业主诚心出售，看房很方便,/esf/detail/4629135,12022,2012,-587.0,/xq/detail/6487,11435,价格高,顺枫华庭
3室2厅2卫-朝北-建筑面积93㎡-精装-高楼层(共11层)-2010年建成,业主诚心出售南北通透三房带装修,/esf/detail/351012,12043,2010,-887.0,/xq/detail/6430,11156,高楼层/价格高,东海岸花园
2室2厅2卫-朝南-建筑面积83㎡-毛坯-高楼层(共35层)-2012年建成,恒富得毛坯两房业主诚心出售,/esf/detail/6428018,12048,2012,91.0,/xq/detail/6483,12139,小户/高楼层,锦盛·恒富得
3室2厅2卫-朝西-建筑面积126.95㎡-毛坯-低楼层(共32层)-2012年建成,海湾城笋盘洋房,/esf/detail/5968053,12052,2012,1286.0,/xq/detail/47830,13338,,锦绣海湾城6期
3室2厅2卫-朝南-建筑面积116㎡-精装-中楼层(共11层)-2009年建成,业主诚心出售,/esf/detail/351151,12069,2009,296.0,/xq/detail/6423,12365,,岭南名居
3室2厅1卫-朝北-建筑面积87㎡-精装-中楼层(共8层)-2009年建成,业主诚心出售2室2厅1卫1厨2阳,/esf/detail/291095,12069,2009,296.0,/xq/detail/6423,12365,,岭南名居
2室2厅1卫-朝南-建筑面积77.49㎡-毛坯-高楼层(共17层),锦绣海湾城小户型2房出售,/esf/detail/8227571,12131,2012,4549.0,/xq/detail/47829,16680,小户/高楼层,锦绣海湾城5期
3室2厅2卫-朝南-建筑面积102.79㎡-毛坯-低楼层(共26层)-2016年建成,锦绣海湾城俯瞰别墅一览无遗,/esf/detail/8250078,12161,2012,1934.0,/xq/detail/47831,14095,,锦绣海湾城7期
3室2厅1卫-朝北-建筑面积82.12㎡-精装-低楼层(共12层)-2010年建成,东海岸花园朝北三房,/esf/detail/9241757,12177,2010,-1021.0,/xq/detail/6430,11156,价格高,东海岸花园
3室2厅1卫-朝北-建筑面积90㎡-精装-高楼层(共11层)-2010年建成,盈彩美地装修房子出售,/esf/detail/287990,12222,2010,-2056.0,/xq/detail/6217,10166,高楼层/价格高,盈彩美地
3室2厅1卫-朝西-建筑面积90㎡-豪装-高楼层(共11层)-2010年建成,业主诚心出售,/esf/detail/204866,12222,2010,-2056.0,/xq/detail/6217,10166,高楼层/价格高,盈彩美地
